CREATE DATABASE FINALASS_FPOLYSHOP_FA22_SOF205__SOF2041
GO
USE FINALASS_FPOLYSHOP_FA22_SOF205__SOF2041
GO
-- ChucVu
CREATE TABLE ChucVu(
Id [int] IDENTITY(1,1) PRIMARY KEY NOT NULL,
Ma VARCHAR(20) UNIQUE,
Ten NVARCHAR(50) DEFAULT NULL
)
GO
-- CuaHang
CREATE TABLE CuaHang(
Id [int] IDENTITY(1,1) PRIMARY KEY NOT NULL,
Ma VARCHAR(20) UNIQUE,
Ten NVARCHAR(50) DEFAULT NULL,
DiaChi NVARCHAR(100) DEFAULT NULL,
ThanhPho NVARCHAR(50) DEFAULT NULL,
QuocGia NVARCHAR(50) DEFAULT NULL
)
GO
-- NhanVien
CREATE TABLE NhanVien(
Id [int] IDENTITY(1,1) PRIMARY KEY NOT NULL,
Ma VARCHAR(20) UNIQUE,
Ten NVARCHAR(30) DEFAULT NULL,
TenDem NVARCHAR(30) DEFAULT NULL,
Ho NVARCHAR(30) DEFAULT NULL,
GioiTinh NVARCHAR(10) DEFAULT NULL,
NgaySinh DATE DEFAULT NULL,
DiaChi NVARCHAR(100) DEFAULT NULL,
Sdt VARCHAR(30) DEFAULT NULL,
MatKhau VARCHAR(MAX) DEFAULT NULL,
IdCH int,
IdCV int,
IdGuiBC int,
TrangThai INT DEFAULT 0
)
GO
-- KhachHang
CREATE TABLE KhachHang(
Id [int] IDENTITY(1,1) PRIMARY KEY NOT NULL,
Ma VARCHAR(20) UNIQUE,
Ten NVARCHAR(30),
TenDem NVARCHAR(30) DEFAULT NULL,
Ho NVARCHAR(30) DEFAULT NULL,
NgaySinh DATE DEFAULT NULL,
Sdt VARCHAR(30) DEFAULT NULL,
DiaChi NVARCHAR(100) DEFAULT NULL,
ThanhPho NVARCHAR(50) DEFAULT NULL,
QuocGia NVARCHAR(50) DEFAULT NULL,
MatKhau VARCHAR(MAX) DEFAULT NULL
)
GO
--HoaDon
CREATE TABLE HoaDon(
Id [int] IDENTITY(1,1) PRIMARY KEY NOT NULL,
IdKH int,
IdNV int,
Ma VARCHAR(20) UNIQUE,
NgayTao DATE DEFAULT NULL,
NgayThanhToan DATE DEFAULT NULL,
NgayShip DATE DEFAULT NULL,
NgayNhan DATE DEFAULT NULL,
TinhTrang INT DEFAULT 0,
TenNguoiNhan NVARCHAR(50) DEFAULT NULL,
DiaChi NVARCHAR(100) DEFAULT NULL,
Sdt VARCHAR(30) DEFAULT NULL,
)
GO
CREATE TABLE GioHang(
Id [int] IDENTITY(1,1) PRIMARY KEY NOT NULL,
IdKH int,
IdNV int,
Ma VARCHAR(20) UNIQUE,
NgayTao DATE DEFAULT NULL,
NgayThanhToan DATE DEFAULT NULL,
TenNguoiNhan NVARCHAR(50) DEFAULT NULL,
DiaChi NVARCHAR(100) DEFAULT NULL,
Sdt VARCHAR(30) DEFAULT NULL,
TinhTrang INT DEFAULT 0
)
GO
-- SanPham
CREATE TABLE SanPham(
Id [int] IDENTITY(1,1) PRIMARY KEY NOT NULL,
Ma VARCHAR(20) UNIQUE,
Ten NVARCHAR(30)
)
GO
-- NSX
CREATE TABLE NSX(
Id [int] IDENTITY(1,1) PRIMARY KEY NOT NULL,
Ma VARCHAR(20) UNIQUE,
Ten NVARCHAR(30)
)
GO
-- MauSac
CREATE TABLE MauSac(
Id [int] IDENTITY(1,1) PRIMARY KEY NOT NULL,
Ma VARCHAR(20) UNIQUE,
Ten NVARCHAR(30)
)
GO
-- DongSP
CREATE TABLE DongSP(
Id [int] IDENTITY(1,1) PRIMARY KEY NOT NULL,
Ma VARCHAR(20) UNIQUE,
Ten NVARCHAR(30)
)
GO
-- ChiTietSP
CREATE TABLE ChiTietSP(
Id [int] IDENTITY(1,1) PRIMARY KEY NOT NULL,
IdSP int,
IdNsx int,
IdMauSac int,
IdDongSP int,
NamBH INT DEFAULT NULL,
MoTa NVARCHAR(50) DEFAULT NULL,
SoLuongTon INT,
GiaNhap DECIMAL(20,0) DEFAULT 0,
GiaBan DECIMAL(20,0) DEFAULT 0,
)

GO
-- HoaDonChiTiet
CREATE TABLE HoaDonChiTiet(
IdHoaDon int,
IdChiTietSP int,
SoLuong INT,
DonGia DECIMAL(20,0) DEFAULT 0,
CONSTRAINT PK_HoaDonCT PRIMARY KEY (IdHoaDon,IdChiTietSP),
CONSTRAINT FK1 FOREIGN KEY(IdHoaDon) REFERENCES HoaDon(Id),
CONSTRAINT FK2 FOREIGN KEY(IdChiTietSP) REFERENCES ChiTietSP(Id),
)
GO
CREATE TABLE GioHangChiTiet(
IdGioHang int,
IdChiTietSP int,
SoLuong INT,
DonGia DECIMAL(20,0) DEFAULT 0,
DonGiaKhiGiam DECIMAL(20,0) DEFAULT 0,
CONSTRAINT PK_GioHangCT PRIMARY KEY (IdGioHang,IdChiTietSP),
CONSTRAINT FK1_IdGioHang FOREIGN KEY(IdGioHang) REFERENCES GioHang(Id),
CONSTRAINT FK2_IdChiTietSP FOREIGN KEY(IdChiTietSP) REFERENCES ChiTietSP(Id),
)
GO
--TẠO QUAN HỆ GIỮA CÁC BẢNG
--NhanVien - CuaHang
ALTER TABLE NhanVien ADD FOREIGN KEY (IdCH) REFERENCES CuaHang(Id)
--NhanVien - ChucVu
ALTER TABLE NhanVien ADD FOREIGN KEY (IdCV) REFERENCES ChucVu(Id)
--NhanVien - GuiBaoCao
ALTER TABLE NhanVien ADD FOREIGN KEY (IdGuiBC) REFERENCES NhanVien(Id)
-- HoaDon - KhachHang
ALTER TABLE HoaDon ADD FOREIGN KEY (IdKH) REFERENCES KhachHang(Id)
-- GioHang - KhachHang
ALTER TABLE GioHang ADD FOREIGN KEY (IdKH) REFERENCES KhachHang(Id)
-- HoaDon - NhanVien
ALTER TABLE HoaDon ADD FOREIGN KEY (IdNV) REFERENCES NhanVien(Id)
-- ChiTietSP - SanPham
ALTER TABLE ChiTietSP ADD FOREIGN KEY(IdSP) REFERENCES SanPham(Id)
-- ChiTietSP - NSX
ALTER TABLE ChiTietSP ADD FOREIGN KEY(IdNsx) REFERENCES Nsx(Id)
-- ChiTietSP - MauSac
ALTER TABLE ChiTietSP ADD FOREIGN KEY(IdMauSac) REFERENCES MauSac(Id)
-- ChiTietSP - DongSP
ALTER TABLE ChiTietSP ADD FOREIGN KEY(IdDongSP) REFERENCES DongSP(Id)

INSERT INTO ChucVu (Ma, Ten) VALUES
('CV01', N'Quản lý'),
('CV02', N'Nhân viên'),
('CV03', N'Thu ngân'),
('CV04', N'Bán hàng'),
('CV05', N'Kho');

INSERT INTO CuaHang (Ma, Ten, DiaChi, ThanhPho, QuocGia) VALUES
('CH01', N'Hà Nội', N'Cầu Giấy', N'Hà Nội', N'Việt Nam'),
('CH02', N'HCM', N'Quận 1', N'HCM', N'Việt Nam'),
('CH03', N'Đà Nẵng', N'Hải Châu', N'Đà Nẵng', N'Việt Nam'),
('CH04', N'Cần Thơ', N'Ninh Kiều', N'Cần Thơ', N'Việt Nam'),
('CH05', N'Hải Phòng', N'Lê Chân', N'Hải Phòng', N'Việt Nam');

INSERT INTO NhanVien (Ma, Ten, TenDem, Ho, GioiTinh, NgaySinh, DiaChi, Sdt, MatKhau, IdCH, IdCV, IdGuiBC, TrangThai) VALUES
('NV01', N'Anh', N'Tuấn', N'Trần', N'Nam', '2004-01-01', N'HN', '0123', '123', 1, 1, NULL, 1),
('NV02', N'Linh', N'Thị', N'Nguyễn', N'Nữ', '2003-02-02', N'HCM', '0124', '123', 2, 2, 1, 1),
('NV03', N'Hùng', N'Văn', N'Lê', N'Nam', '2002-03-03', N'ĐN', '0125', '123', 3, 2, 1, 1),
('NV04', N'Hà', N'Thị', N'Phạm', N'Nữ', '2001-04-04', N'HP', '0126', '123', 1, 3, 1, 1),
('NV05', N'Minh', N'Quang', N'Hoàng', N'Nam', '2000-05-05', N'CT', '0127', '123', 4, 4, 2, 1);

INSERT INTO KhachHang (Ma, Ten, TenDem, Ho, NgaySinh, Sdt, DiaChi, ThanhPho, QuocGia, MatKhau) VALUES
('KH01', N'Nam', N'Văn', N'Nguyễn', '2000-01-01', '0901', N'HN', N'HN', N'VN', '123'),
('KH02', N'Hoa', N'Thị', N'Trần', '2001-02-02', '0902', N'HCM', N'HCM', N'VN', '123'),
('KH03', N'Tuấn', N'Anh', N'Lê', '2002-03-03', '0903', N'ĐN', N'ĐN', N'VN', '123'),
('KH04', N'Lan', N'Thị', N'Phạm', '2003-04-04', '0904', N'HP', N'HP', N'VN', '123'),
('KH05', N'Long', N'Văn', N'Hoàng', '2004-05-05', '0905', N'CT', N'CT', N'VN', '123');

INSERT INTO SanPham VALUES
('SP01', N'Nike'),
('SP02', N'Adidas'),
('SP03', N'Puma'),
('SP04', N'Vans'),
('SP05', N'Converse');

INSERT INTO NSX VALUES
('NSX01', N'Nike'),
('NSX02', N'Adidas'),
('NSX03', N'Puma'),
('NSX04', N'Vans'),
('NSX05', N'Converse');

INSERT INTO MauSac VALUES
('MS01', N'Đen'),
('MS02', N'Trắng'),
('MS03', N'Đỏ'),
('MS04', N'Xanh'),
('MS05', N'Vàng');

INSERT INTO DongSP VALUES
('DSP01', N'Sport'),
('DSP02', N'Running'),
('DSP03', N'Casual'),
('DSP04', N'Classic'),
('DSP05', N'Luxury');

INSERT INTO ChiTietSP VALUES
(1,1,1,1,12,N'Giày đẹp',50,1000,1500),
(2,2,2,2,12,N'Giày xịn',40,1200,1700),
(3,3,3,3,12,N'Giày bền',30,900,1400),
(4,4,4,4,12,N'Giày nhẹ',20,800,1300),
(5,5,5,5,12,N'Giày cao cấp',10,2000,3000);

INSERT INTO HoaDon (IdKH, IdNV, Ma, NgayTao, TinhTrang, TenNguoiNhan, DiaChi, Sdt) VALUES
(1,1,'HD01','2025-01-01',1,N'Nam',N'HN','0111'),
(2,2,'HD02','2025-01-02',1,N'Hoa',N'HCM','0222'),
(3,3,'HD03','2025-01-03',0,N'Tuấn',N'ĐN','0333'),
(4,4,'HD04','2025-01-04',1,N'Lan',N'HP','0444'),
(5,5,'HD05','2025-01-05',0,N'Long',N'CT','0555');

INSERT INTO HoaDonChiTiet VALUES
(1,1,2,1500),
(2,2,1,1700),
(3,3,1,1400),
(4,4,2,1300),
(5,5,1,3000);

INSERT INTO GioHang VALUES
(1,1,'GH01','2025-01-01',NULL,N'Nam',N'HN','0111',0),
(2,2,'GH02','2025-01-02',NULL,N'Hoa',N'HCM','0222',0),
(3,3,'GH03','2025-01-03',NULL,N'Tuấn',N'ĐN','0333',0),
(4,4,'GH04','2025-01-04',NULL,N'Lan',N'HP','0444',0),
(5,5,'GH05','2025-01-05',NULL,N'Long',N'CT','0555',0);

INSERT INTO GioHangChiTiet VALUES
(1,1,1,1500,1400),
(2,2,2,1700,1600),
(3,3,1,1400,1300),
(4,4,2,1300,1200),
(5,5,1,3000,2900);